{
	"partitions" : [
		{
			"name" : "Top",
			"pins" : [
				{
					"name" : "R",
					"strict" : false
				},
				{
					"name" : "Y",
					"strict" : false
				},
				{
					"name" : "G",
					"strict" : false
				},
				{
					"name" : "R_P",
					"strict" : false
				},
				{
					"name" : "W_P",
					"strict" : false
				},
				{
					"name" : "SEG[6]",
					"strict" : false
				},
				{
					"name" : "SEG[5]",
					"strict" : false
				},
				{
					"name" : "SEG[4]",
					"strict" : false
				},
				{
					"name" : "SEG[3]",
					"strict" : false
				},
				{
					"name" : "SEG[2]",
					"strict" : false
				},
				{
					"name" : "SEG[1]",
					"strict" : false
				},
				{
					"name" : "SEG[0]",
					"strict" : false
				},
				{
					"name" : "SEG2[6]",
					"strict" : false
				},
				{
					"name" : "SEG2[5]",
					"strict" : false
				},
				{
					"name" : "SEG2[4]",
					"strict" : false
				},
				{
					"name" : "SEG2[3]",
					"strict" : false
				},
				{
					"name" : "SEG2[2]",
					"strict" : false
				},
				{
					"name" : "SEG2[1]",
					"strict" : false
				},
				{
					"name" : "SEG2[0]",
					"strict" : false
				},
				{
					"name" : "SEG3[5]",
					"strict" : false
				},
				{
					"name" : "SEG3[4]",
					"strict" : false
				},
				{
					"name" : "SEG3[3]",
					"strict" : false
				},
				{
					"name" : "SEG3[2]",
					"strict" : false
				},
				{
					"name" : "SEG3[1]",
					"strict" : false
				},
				{
					"name" : "SEG3[0]",
					"strict" : false
				},
				{
					"name" : "SEG4[6]",
					"strict" : false
				},
				{
					"name" : "SEG4[2]",
					"strict" : false
				},
				{
					"name" : "SEG4[1]",
					"strict" : false
				},
				{
					"name" : "SEG4[0]",
					"strict" : false
				},
				{
					"name" : "SEG5[6]",
					"strict" : false
				},
				{
					"name" : "SEG5[4]",
					"strict" : false
				},
				{
					"name" : "SEG5[3]",
					"strict" : false
				},
				{
					"name" : "SEG5[0]",
					"strict" : false
				},
				{
					"name" : "clock",
					"strict" : false
				},
				{
					"name" : "Button",
					"strict" : false
				}
			]
		}
	]
}